<?xml version="1.0" encoding="UTF-8"?>
<datastores xmlns="urn:cesnet:tmc:datastores:file">
	<running lock="">
		<netconf xmlns="urn:ietf:params:xml:ns:yang:ietf-netconf-server">
			<tls>
				<call-home>
					<applications>
						<application>
							<name>root</name>
							<servers>
								<server>
									<address>d.nebula.zyxel.com</address>
									<port>4335</port>
								</server>
								<server>
									<address>d.nebula.zyxel.com</address>
									<port>6667</port>
								</server>
							</servers>
						</application>
					</applications>
				</call-home>
			</tls>
		</netconf>
	</running>
	<startup lock="">
		<netconf xmlns="urn:ietf:params:xml:ns:yang:ietf-netconf-server">
			<tls>
				<call-home>
					<applications>
						<application>
							<name>root</name>
							<servers>
								<server>
									<address>d.nebula.zyxel.com</address>
									<port>4335</port>
								</server>
								<server>
									<address>d.nebula.zyxel.com</address>
									<port>6667</port>
								</server>
							</servers>
						</application>
					</applications>
				</call-home>
			</tls>
		</netconf>
	</startup>
	<candidate modified="false" lock=""/>
</datastores>
