<?xml version="1.0"?>
<datastores xmlns="urn:cesnet:tmc:datastores:file">
	<running lock="" locktime=""/>
	<startup lock="">
		<netopeer xmlns="urn:cesnet:tmc:netopeer:1.0" xmlns:x509c2n="urn:ietf:params:xml:ns:yang:ietf-x509-cert-to-name">
			<tls>
				<server-cert/>
				<server-key>
					<key-data/>
					<key-type>RSA</key-type>
				</server-key>
				<trusted-ca-certs>
				</trusted-ca-certs>
				<cert-maps>
					<cert-to-name>
						<id>1</id>
						<fingerprint>02:E9:38:1F:F6:8B:62:DE:0A:0B:C5:03:81:A8:03:49:A0:00:7F:8B:F3</fingerprint>
						<map-type>x509c2n:specified</map-type>
						<name>default_ca</name>
					</cert-to-name>
				</cert-maps>
			</tls>
		</netopeer>
	</startup>
	<candidate lock="" modified="false"/>
</datastores>
