<?xml version="1.0"?>
<!DOCTYPE refentry PUBLIC "-//OASIS//DTD DocBook XML V4.4//EN"
                   "http://www.oasis-open.org/docbook/xml/4.4/docbookx.dtd">
<!-- lifted from man+troff by doclifter -->
<refentry id='ninfod8'>
<refmeta>
  <refentrytitle>NINFOD</refentrytitle>
  <manvolnum>8</manvolnum>
  <refmiscinfo class='manual'>iputils</refmiscinfo>
</refmeta>
<refnamediv>
  <refname>ninfod</refname>
  <refpurpose>Respond to IPv6 Node Information Queries</refpurpose>
</refnamediv>
<!-- body begins here -->
<refsynopsisdiv id='synopsis'>
  <cmdsynopsis>
      <command>ninfod</command>
      <arg choice='opt'>-dhv </arg>
      <arg choice='opt'>-p <replaceable>pidfile</replaceable></arg>
      <arg choice='opt'>-u <replaceable>user</replaceable></arg>
      <sbr/>
  </cmdsynopsis>
</refsynopsisdiv>


<refsect1 id='description'>
  <title>DESCRIPTION</title>
  <para>Responds to IPv6 Node Information Queries (RFC4620) from clients.
Queries can be sent by various implementations of <emphasis remap='B'>ping6</emphasis> command.</para>
</refsect1>

<refsect1 id='options'>
  <title>OPTIONS</title>
<variablelist remap='TP'>
  <varlistentry>
  <term><option>-a</option></term>
  <listitem>
<para>Debug mode.  Do not go background.</para>
  </listitem>
  </varlistentry>
  <varlistentry>
  <term><option>-h</option></term>
  <listitem>
<para>Show help.</para>
  </listitem>
  </varlistentry>
  <varlistentry>
  <term><option>-v</option></term>
  <listitem>
<para>Verbose mode.</para>
  </listitem>
  </varlistentry>
  <varlistentry>
  <term><option>-u </option><emphasis remap='I'>user</emphasis></term>
  <listitem>
<para>Run as another user.
<emphasis remap='I'>user</emphasis> can either be username or user ID.</para>
  </listitem>
  </varlistentry>
  <varlistentry>
  <term><option>-p </option><emphasis remap='I'>pidfile</emphasis></term>
  <listitem>
<para>File for process-id storage.
<emphasis remap='I'>user</emphasis> is required to be able to create the file.</para>
  </listitem>
  </varlistentry>
</variablelist>
</refsect1>

<refsect1 id='see_also'>
  <title>SEE ALSO</title>
  <para><citerefentry><refentrytitle>ping</refentrytitle><manvolnum>8</manvolnum></citerefentry>.</para>
</refsect1>

<refsect1 id='author'>
  <title>AUTHOR</title>
  <para><command>ninfod</command> was written by USAGI/WIDE Project.</para>
</refsect1>

<refsect1 id='copying'><title>COPYING</title>
  <literallayout remap='.nf'>
Copyright (C) 2012 YOSHIFUJI Hideaki.
Copyright (C) 2002 USAGI/WIDE Project.
All rights reserved.

Redistribution and use in source and binary forms, with or without
modification, are permitted provided that the following conditions
are met:
1. Redistributions of source code must retain the above copyright
   notice, this list of conditions and the following disclaimer.
2. Redistributions in binary form must reproduce the above copyright
   notice, this list of conditions and the following disclaimer in the
   documentation and/or other materials provided with the distribution.
3. Neither the name of the project nor the names of its contributors
   may be used to endorse or promote products derived from this software
   without specific prior written permission.

THIS SOFTWARE IS PROVIDED BY THE PROJECT AND CONTRIBUTORS &ldquo;AS IS&rdquo; AND
ANY EXPRESS OR IMPLIED WARRANTIES, INCLUDING, BUT NOT LIMITED TO, THE
IMPLIED WARRANTIES OF MERCHANTABILITY AND FITNESS FOR A PARTICULAR PURPOSE
ARE DISCLAIMED.  IN NO EVENT SHALL THE PROJECT OR CONTRIBUTORS BE LIABLE
FOR ANY DIRECT, INDIRECT, INCIDENTAL, SPECIAL, EXEMPLARY, OR CONSEQUENTIAL
DAMAGES (INCLUDING, BUT NOT LIMITED TO, PROCUREMENT OF SUBSTITUTE GOODS
OR SERVICES; LOSS OF USE, DATA, OR PROFITS; OR BUSINESS INTERRUPTION)
HOWEVER CAUSED AND ON ANY THEORY OF LIABILITY, WHETHER IN CONTRACT, STRICT
LIABILITY, OR TORT (INCLUDING NEGLIGENCE OR OTHERWISE) ARISING IN ANY WAY
OUT OF THE USE OF THIS SOFTWARE, EVEN IF ADVISED OF THE POSSIBILITY OF
SUCH DAMAGE.
  </literallayout> <!-- .fi -->
</refsect1>
</refentry>

