[
  {
    "_id": "RADIUS-data",
    "_type": "search",
    "_source": {
      "title": "RADIUS data",
      "description": "",
      "hits": 0,
      "columns": [
        "User-Name",
        "Calling-Station-Id",
        "Called-Station-Id",
        "Framed-IP-Address",
        "NAS-Identifier"
      ],
      "sort": [
        "@timestamp",
        "desc"
      ],
      "version": 1,
      "kibanaSavedObjectMeta": {
        "searchSourceJSON": "{\"index\":\"radius-*\",\"query\":{\"query_string\":{\"analyze_wildcard\":true,\"query\":\"*\"}},\"highlight\":{\"pre_tags\":[\"@kibana-highlighted-field@\"],\"post_tags\":[\"@/kibana-highlighted-field@\"],\"fields\":{\"*\":{}},\"fragment_size\":2147483647},\"filter\":[]}"
      }
    }
  },
  {
    "_id": "RADIUS-detail",
    "_type": "dashboard",
    "_source": {
      "title": "RADIUS detail",
      "hits": 0,
      "description": "",
      "panelsJSON": "[{\"col\":5,\"id\":\"RADIUS-unique-User-Name-by-day\",\"row\":1,\"size_x\":4,\"size_y\":4,\"type\":\"visualization\"},{\"col\":1,\"columns\":[\"User-Name\",\"Calling-Station-Id\",\"Called-Station-Id\",\"Framed-IP-Address\",\"NAS-Identifier\"],\"id\":\"RADIUS-data\",\"row\":5,\"size_x\":8,\"size_y\":4,\"sort\":[\"@timestamp\",\"desc\"],\"type\":\"search\"},{\"col\":1,\"id\":\"RADIUS-accounting-packets-histogram\",\"row\":1,\"size_x\":4,\"size_y\":4,\"type\":\"visualization\"},{\"col\":9,\"id\":\"RADIUS-table-topN-data-transferred-by-User-Name\",\"row\":1,\"size_x\":4,\"size_y\":4,\"type\":\"visualization\"},{\"id\":\"RADIUS-Sessions-per-NAS\",\"type\":\"visualization\",\"size_x\":4,\"size_y\":4,\"col\":9,\"row\":5}]",
      "version": 1,
      "timeRestore": true,
      "timeTo": "now",
      "timeFrom": "now-7d",
      "kibanaSavedObjectMeta": {
        "searchSourceJSON": "{\"filter\":[{\"query\":{\"query_string\":{\"analyze_wildcard\":true,\"query\":\"*\"}}}]}"
      }
    }
  },
  {
    "_id": "RADIUS-Accounting-Start-data",
    "_type": "search",
    "_source": {
      "title": "RADIUS Accounting-Start data",
      "description": "",
      "hits": 0,
      "columns": [
        "User-Name",
        "Calling-Station-Id",
        "Called-Station-Id",
        "Framed-IP-Address",
        "NAS-Identifier"
      ],
      "sort": [
        "@timestamp",
        "desc"
      ],
      "version": 1,
      "kibanaSavedObjectMeta": {
        "searchSourceJSON": "{\"index\":\"radius-*\",\"query\":{\"query_string\":{\"analyze_wildcard\":true,\"query\":\"*\"}},\"highlight\":{\"pre_tags\":[\"@kibana-highlighted-field@\"],\"post_tags\":[\"@/kibana-highlighted-field@\"],\"fields\":{\"*\":{}},\"fragment_size\":2147483647},\"filter\":[{\"meta\":{\"negate\":false,\"index\":\"radius-*\",\"key\":\"Acct-Status-Type\",\"value\":\"Start\",\"disabled\":false},\"query\":{\"match\":{\"Acct-Status-Type\":{\"query\":\"Start\",\"type\":\"phrase\"}}}}]}"
      }
    }
  },
  {
    "_id": "RADIUS-unique-User-Name-by-day",
    "_type": "visualization",
    "_source": {
      "title": "RADIUS unique User-Name by day",
      "visState": "{\n  \"type\": \"histogram\",\n  \"params\": {\n    \"shareYAxis\": true,\n    \"addTooltip\": true,\n    \"addLegend\": true,\n    \"scale\": \"linear\",\n    \"mode\": \"stacked\",\n    \"times\": [],\n    \"addTimeMarker\": false,\n    \"defaultYExtents\": false,\n    \"setYExtents\": false,\n    \"yAxis\": {}\n  },\n  \"aggs\": [\n    {\n      \"id\": \"1\",\n      \"type\": \"cardinality\",\n      \"schema\": \"metric\",\n      \"params\": {\n        \"field\": \"User-Name\"\n      }\n    },\n    {\n      \"id\": \"2\",\n      \"type\": \"date_histogram\",\n      \"schema\": \"segment\",\n      \"params\": {\n        \"field\": \"@timestamp\",\n        \"interval\": \"d\",\n        \"customInterval\": \"2h\",\n        \"min_doc_count\": 1,\n        \"extended_bounds\": {}\n      }\n    },\n    {\n      \"id\": \"3\",\n      \"type\": \"terms\",\n      \"schema\": \"group\",\n      \"params\": {\n        \"field\": \"User-Name\",\n        \"size\": 50,\n        \"order\": \"desc\",\n        \"orderBy\": \"1\"\n      }\n    }\n  ],\n  \"listeners\": {}\n}",
      "description": "",
      "version": 1,
      "kibanaSavedObjectMeta": {
        "searchSourceJSON": "{\n  \"filter\": []\n}"
      },
      "savedSearchId": "RADIUS-data"
    }
  },
  {
    "_id": "RADIUS-accounting-packets-histogram",
    "_type": "visualization",
    "_source": {
      "title": "RADIUS accounting packets histogram",
      "visState": "{\"type\":\"histogram\",\"params\":{\"shareYAxis\":true,\"addTooltip\":true,\"addLegend\":true,\"scale\":\"linear\",\"mode\":\"stacked\",\"times\":[],\"addTimeMarker\":false,\"defaultYExtents\":false,\"setYExtents\":false,\"yAxis\":{}},\"aggs\":[{\"id\":\"1\",\"type\":\"count\",\"schema\":\"metric\",\"params\":{}},{\"id\":\"2\",\"type\":\"date_histogram\",\"schema\":\"segment\",\"params\":{\"field\":\"@timestamp\",\"interval\":\"auto\",\"customInterval\":\"2h\",\"min_doc_count\":1,\"extended_bounds\":{}}},{\"id\":\"3\",\"type\":\"terms\",\"schema\":\"group\",\"params\":{\"field\":\"Acct-Status-Type\",\"size\":5,\"order\":\"desc\",\"orderBy\":\"1\"}}],\"listeners\":{}}",
      "description": "",
      "savedSearchId": "RADIUS-data",
      "version": 1,
      "kibanaSavedObjectMeta": {
        "searchSourceJSON": "{\"filter\":[]}"
      }
    }
  },
  {
    "_id": "RADIUS-table-topN-data-transferred-by-User-Name",
    "_type": "visualization",
    "_source": {
      "title": "RADIUS table topN data transferred by User-Name",
      "visState": "{\"type\":\"table\",\"params\":{\"perPage\":10,\"showPartialRows\":false,\"showMeticsAtAllLevels\":false},\"aggs\":[{\"id\":\"1\",\"type\":\"max\",\"schema\":\"metric\",\"params\":{\"field\":\"Acct-Output-Octets_long\"}},{\"id\":\"2\",\"type\":\"terms\",\"schema\":\"bucket\",\"params\":{\"field\":\"User-Name\",\"size\":10,\"order\":\"desc\",\"orderBy\":\"1\"}},{\"id\":\"3\",\"type\":\"max\",\"schema\":\"metric\",\"params\":{\"field\":\"Acct-Input-Octets_long\"}}],\"listeners\":{}}",
      "description": "",
      "savedSearchId": "RADIUS-data",
      "version": 1,
      "kibanaSavedObjectMeta": {
        "searchSourceJSON": "{\"filter\":[]}"
      }
    }
  },
  {
    "_id": "RADIUS-Sessions-per-NAS",
    "_type": "visualization",
    "_source": {
      "title": "RADIUS Sessions per NAS",
      "visState": "{\"type\":\"pie\",\"params\":{\"shareYAxis\":true,\"addTooltip\":true,\"addLegend\":true,\"isDonut\":false},\"aggs\":[{\"id\":\"1\",\"type\":\"count\",\"schema\":\"metric\",\"params\":{}},{\"id\":\"2\",\"type\":\"terms\",\"schema\":\"segment\",\"params\":{\"field\":\"NAS-Identifier\",\"size\":20,\"order\":\"desc\",\"orderBy\":\"1\"}}],\"listeners\":{}}",
      "description": "",
      "savedSearchId": "RADIUS-Accounting-Start-data",
      "version": 1,
      "kibanaSavedObjectMeta": {
        "searchSourceJSON": "{\"filter\":[]}"
      }
    }
  }
]
